"Timestamp","Target ID","Source ID","Result","Status","Message"
"2018/06/21 16:20:56","d1263786377213005d19dcc773990e19","000000000000001|000000000000016|000000000000723|000000000000161","Created","Success",""
"2018/06/21 16:20:56","11263786377213005d19dcc773990e1a","000000000000001|000000000000017|000000000000724|000000000000162","Created","Success",""
"2018/06/21 16:20:56","95263786377213005d19dcc773990e1a","000000000000001|000000000000018|000000000000725|000000000000163","Created","Success",""
"2018/06/21 16:20:56","1d263786377213005d19dcc773990e1a","000000000000001|000000000000019|000000000000726|000000000000164","Created","Success",""
"2018/06/21 16:20:56","91263786377213005d19dcc773990e1b","000000000000001|000000000000020|000000000000727|000000000000165","Created","Success",""
"2018/06/21 16:20:56","19263786377213005d19dcc773990e1b","000000000000001|000000000000021|000000000000728|000000000000166","Created","Success",""
"2018/06/21 16:20:56","9d263786377213005d19dcc773990e1b","000000000000001|000000000000022|000000000000729|000000000000167","Created","Success",""
"2018/06/21 16:20:56","15263786377213005d19dcc773990e1c","000000000000001|000000000000027|000000000000770|000000000000188","Created","Success",""
"2018/06/21 16:20:56","99263786377213005d19dcc773990e1c","000000000000001|000000000000028|000000000000771|000000000000189","Created","Success",""
"2018/06/21 16:20:56","11263786377213005d19dcc773990e1d","000000000000001|000000000000068|000000000000884|000000000000244","Created","Success",""
"2018/06/21 16:20:56","95263786377213005d19dcc773990e1d","000000000000001|000000000000069|000000000000885|000000000000245","Created","Success",""
"2018/06/21 16:20:56","1d263786377213005d19dcc773990e1d","000000000000001|000000000000070|000000000000886|000000000000246","Created","Success",""
